userId,genres,original_language,adult
1,['Comedy'],['en'],['People of all age']
2,['Drama'],['en'],['People of all age']
3,['Drama'],"['en', 'fr']",['People of all age']
4,['Drama'],['en'],['People of all age']
5,['Drama'],['en'],['People of all age']
6,['Drama'],['en'],['People of all age']
7,['Drama'],['en'],['People of all age']
8,['Drama'],['en'],['People of all age']
9,['Drama'],"['en', 'ja']",['People of all age']
10,['Drama'],['en'],['People of all age']
11,['Drama'],"['en', 'fr']",['People of all age']
12,[],['en'],['People of all age']
13,['Drama'],['en'],['People of all age']
14,[],['en'],['People of all age']
15,[],['en'],['People of all age']
16,"['Drama', 'Thriller']",['en'],['People of all age']
17,['Drama'],['en'],['People of all age']
18,[],['en'],['People of all age']
19,['Drama'],['en'],['People of all age']
20,['Drama'],['en'],['People of all age']
21,['Drama'],['en'],['People of all age']
22,['Drama'],['en'],['People of all age']
23,['Drama'],['en'],['People of all age']
24,['Drama'],"['en', 'fr']",['People of all age']
25,['Drama'],['en'],['People of all age']
26,['Drama'],['en'],['People of all age']
27,"['Action', 'Drama', 'Thriller']",['en'],['People of all age']
28,['Drama'],['en'],['People of all age']
29,"['Comedy', 'Drama']","['en', 'fr']",['People of all age']
30,['Drama'],['en'],['People of all age']
31,['Drama'],['en'],['People of all age']
32,['Drama'],"['de', 'en', 'fr']",['People of all age']
33,['Drama'],['en'],['People of all age']
34,['Drama'],['en'],['People of all age']
35,['Drama'],['en'],['People of all age']
36,['Drama'],['en'],['People of all age']
37,['Drama'],"['en', 'fr']",['People of all age']
38,['Drama'],['en'],['People of all age']
39,['Drama'],['en'],['People of all age']
40,['Comedy'],['en'],['People of all age']
41,['Drama'],"['en', 'fr']",['People of all age']
42,"['Comedy', 'Drama']","['en', 'fr']",['People of all age']
43,['Drama'],['en'],['People of all age']
44,['Drama'],['en'],['People of all age']
45,[],['en'],['People of all age']
46,"['Drama', 'Thriller']","['en', 'fr']",['People of all age']
47,['Drama'],"['de', 'en']",['People of all age']
48,['Drama'],['en'],['People of all age']
49,['Drama'],['en'],['People of all age']
50,['Drama'],['en'],['People of all age']
51,"['Drama', 'Romance']",['en'],['People of all age']
52,['Drama'],"['en', 'fr']",['People of all age']
53,['Drama'],"['en', 'fr']",['People of all age']
54,['Drama'],"['en', 'ja']",['People of all age']
55,['Drama'],['en'],['People of all age']
56,['Drama'],['en'],['People of all age']
57,['Drama'],['en'],['People of all age']
58,['Drama'],['en'],['People of all age']
59,['Drama'],['en'],['People of all age']
60,['Drama'],['en'],['People of all age']
61,['Drama'],['en'],['People of all age']
62,"['Drama', 'Thriller']",['en'],['People of all age']
63,['Drama'],['en'],['People of all age']
64,['Drama'],"['en', 'fr']",['People of all age']
65,"['Comedy', 'Drama', 'Romance']",['en'],['People of all age']
66,['Drama'],"['de', 'en']",['People of all age']
67,['Drama'],['en'],['People of all age']
68,['Drama'],['en'],['People of all age']
69,['Drama'],"['de', 'en']",['People of all age']
70,['Drama'],['en'],['People of all age']
71,[],"['en', 'es', 'ja']",['People of all age']
72,['Drama'],['en'],['People of all age']
73,['Drama'],['en'],['People of all age']
74,['Drama'],['en'],['People of all age']
75,['Drama'],['en'],['People of all age']
76,['Thriller'],['en'],['People of all age']
77,['Drama'],['en'],['People of all age']
78,['Drama'],"['en', 'fr']",['People of all age']
79,[],['en'],['People of all age']
80,['Drama'],['en'],['People of all age']
81,['Drama'],['en'],['People of all age']
82,['Drama'],['en'],['People of all age']
83,['Drama'],['en'],['People of all age']
84,['Drama'],['en'],['People of all age']
85,['Drama'],['en'],['People of all age']
86,['Drama'],['en'],['People of all age']
87,['Drama'],['en'],['People of all age']
88,['Drama'],['en'],['People of all age']
89,['Drama'],"['de', 'en', 'fr']",['People of all age']
90,['Drama'],['en'],['People of all age']
91,['Drama'],['en'],['People of all age']
92,['Drama'],['en'],['People of all age']
93,['Drama'],['en'],['People of all age']
94,['Drama'],['en'],['People of all age']
95,['Drama'],"['en', 'fr']",['People of all age']
96,"['Comedy', 'Drama']",['en'],['People of all age']
97,['Drama'],['en'],['People of all age']
98,"['Comedy', 'Drama']",['en'],['People of all age']
99,['Drama'],['en'],['People of all age']
100,['Drama'],['en'],['People of all age']
101,['Drama'],['en'],['People of all age']
102,['Drama'],['en'],['People of all age']
103,['Drama'],['en'],['People of all age']
104,"['Drama', 'Thriller']",['en'],['People of all age']
105,['Drama'],['en'],['People of all age']
106,[],"['en', 'fr']",['People of all age']
107,['Drama'],['en'],['People of all age']
108,['Drama'],['en'],['People of all age']
109,"['Drama', 'Thriller']",['en'],['People of all age']
110,['Drama'],['en'],['People of all age']
111,['Drama'],['en'],['People of all age']
112,"['Action', 'Drama', 'Thriller']",['en'],['People of all age']
113,"['Action', 'Adventure', 'Crime', 'Drama']",['en'],['People of all age']
114,"['Comedy', 'Drama']","['de', 'en']",['People of all age']
115,['Drama'],['en'],['People of all age']
116,"['Drama', 'Thriller']",['en'],['People of all age']
117,"['Drama', 'Thriller']",['en'],['People of all age']
118,['Drama'],['en'],['People of all age']
119,['Drama'],['en'],['People of all age']
120,['Drama'],['en'],['People of all age']
121,['Drama'],['en'],['People of all age']
122,['Drama'],['en'],['People of all age']
123,['Drama'],"['en', 'fr']",['People of all age']
124,['Drama'],['en'],['People of all age']
125,['Drama'],['en'],['People of all age']
126,['Drama'],['en'],['People of all age']
127,"['Drama', 'Romance', 'Thriller']",['en'],['People of all age']
128,['Drama'],['en'],['People of all age']
129,['Drama'],"['de', 'en']",['People of all age']
130,['Drama'],['en'],['People of all age']
131,['Drama'],['en'],['People of all age']
132,"['Comedy', 'Drama']",['en'],['People of all age']
133,[],['en'],['People of all age']
134,['Drama'],['en'],['People of all age']
135,[],['en'],['People of all age']
136,['Drama'],"['de', 'en']",['People of all age']
137,['Drama'],['en'],['People of all age']
138,['Drama'],['en'],['People of all age']
139,['Drama'],"['en', 'fr']",['People of all age']
140,['Drama'],['en'],['People of all age']
141,"['Comedy', 'Drama', 'Romance']","['en', 'fr']",['People of all age']
142,[],['en'],['People of all age']
143,['Drama'],"['en', 'fr']",['People of all age']
144,['Drama'],['en'],['People of all age']
145,['Drama'],"['de', 'en']",['People of all age']
146,['Drama'],['en'],['People of all age']
147,"['Comedy', 'Drama']","['en', 'fr']",['People of all age']
148,['Drama'],['en'],['People of all age']
149,['Drama'],['en'],['People of all age']
150,['Drama'],['en'],['People of all age']
151,['Drama'],['en'],['People of all age']
152,['Drama'],['en'],['People of all age']
153,['Drama'],"['de', 'en', 'fr']",['People of all age']
154,['Drama'],['en'],['People of all age']
155,['Drama'],"['en', 'fr']",['People of all age']
156,['Drama'],['en'],['People of all age']
157,['Drama'],['en'],['People of all age']
158,['Drama'],['en'],['People of all age']
159,['Drama'],['en'],['People of all age']
160,['Drama'],['en'],['People of all age']
161,['Drama'],['en'],['People of all age']
162,['Drama'],['en'],['People of all age']
163,['Drama'],['en'],['People of all age']
164,['Drama'],['en'],['People of all age']
165,['Drama'],['en'],['People of all age']
166,['Drama'],['en'],['People of all age']
167,"['Comedy', 'Drama']","['de', 'en', 'fr', 'hi']",['People of all age']
168,['Drama'],['en'],['People of all age']
169,['Drama'],['en'],['People of all age']
170,[],['en'],['People of all age']
171,"['Action', 'Drama']","['en', 'fr']",['People of all age']
172,"['Drama', 'Thriller']",['en'],['People of all age']
173,['Thriller'],['en'],['People of all age']
174,['Drama'],['en'],['People of all age']
175,['Drama'],['en'],['People of all age']
176,[],['en'],['People of all age']
177,['Drama'],['en'],['People of all age']
178,['Drama'],['en'],['People of all age']
179,"['Comedy', 'Drama']","['de', 'en', 'es', 'nl']",['People of all age']
180,['Drama'],['en'],['People of all age']
181,"['Drama', 'Thriller']",['en'],['People of all age']
182,['Drama'],['en'],['People of all age']
183,['Action'],['en'],['People of all age']
184,['Drama'],['en'],['People of all age']
185,['Drama'],['en'],['People of all age']
186,['Drama'],['en'],['People of all age']
187,['Drama'],['en'],['People of all age']
188,['Drama'],['en'],['People of all age']
189,['Drama'],['en'],['People of all age']
190,['Drama'],"['de', 'en']",['People of all age']
191,['Drama'],['en'],['People of all age']
192,['Drama'],['en'],['People of all age']
193,['Drama'],['en'],['People of all age']
194,['Drama'],['en'],['People of all age']
195,['Drama'],['en'],['People of all age']
196,['Drama'],['en'],['People of all age']
197,['Drama'],['en'],['People of all age']
198,['Drama'],['en'],['People of all age']
199,['Drama'],['en'],['People of all age']
200,['Drama'],['en'],['People of all age']
201,['Drama'],['en'],['People of all age']
202,['Drama'],['en'],['People of all age']
203,"['Crime', 'Drama']","['en', 'fr']",['People of all age']
204,['Drama'],"['en', 'fr']",['People of all age']
205,['Drama'],['en'],['People of all age']
206,['Drama'],['en'],['People of all age']
207,[],['en'],[]
208,"['Drama', 'Thriller']",['en'],['People of all age']
209,[],['en'],['People of all age']
210,['Drama'],['en'],['People of all age']
211,['Drama'],"['en', 'fr']",['People of all age']
212,['Drama'],['en'],['People of all age']
213,[],['en'],['People of all age']
214,['Drama'],['en'],['People of all age']
215,['Drama'],['en'],['People of all age']
216,"['Comedy', 'Drama']",['en'],['People of all age']
217,['Drama'],['en'],['People of all age']
218,['Drama'],['en'],['People of all age']
219,['Drama'],['en'],['People of all age']
220,['Drama'],['en'],['People of all age']
221,[],['en'],['People of all age']
222,['Drama'],['en'],['People of all age']
223,['Drama'],"['de', 'en']",['People of all age']
224,['Drama'],['en'],['People of all age']
225,['Drama'],"['de', 'en']",['People of all age']
226,[],['en'],['People of all age']
227,"['Action', 'Comedy']","['de', 'en', 'fr']",['People of all age']
228,"['Drama', 'Thriller']","['en', 'fr']",['People of all age']
229,['Comedy'],"['en', 'ja']",['People of all age']
230,"['Comedy', 'Drama']",['en'],['People of all age']
231,"['Action', 'Crime', 'Drama', 'Thriller']",['en'],['People of all age']
232,['Drama'],['en'],['People of all age']
233,['Drama'],['en'],['People of all age']
234,['Drama'],['en'],['People of all age']
235,['Drama'],['en'],['People of all age']
236,['Drama'],['en'],['People of all age']
237,[],['en'],['People of all age']
238,['Drama'],['en'],['People of all age']
239,['Drama'],['en'],['People of all age']
240,['Drama'],['en'],['People of all age']
241,['Drama'],['en'],['People of all age']
242,['Drama'],['en'],['People of all age']
243,['Drama'],['en'],['People of all age']
244,['Drama'],['en'],['People of all age']
245,['Drama'],['en'],['People of all age']
246,['Drama'],['en'],['People of all age']
247,['Drama'],['en'],['People of all age']
248,['Drama'],"['en', 'fr']",['People of all age']
249,['Drama'],['en'],['People of all age']
250,['Drama'],['en'],['People of all age']
251,['Drama'],"['en', 'fr']",['People of all age']
252,[],['en'],['People of all age']
253,['Drama'],['en'],['People of all age']
254,['Drama'],['en'],['People of all age']
255,['Drama'],['en'],['People of all age']
256,['Drama'],['en'],['People of all age']
257,"['Drama', 'Thriller']",['en'],['People of all age']
258,['Drama'],"['en', 'fr']",['People of all age']
259,"['Action', 'Comedy']",['en'],['People of all age']
260,['Drama'],['en'],['People of all age']
261,['Drama'],"['de', 'en', 'fr']",['People of all age']
262,[],['en'],['People of all age']
263,['Drama'],['en'],['People of all age']
264,"['Comedy', 'Drama']",['en'],['People of all age']
265,['Drama'],['en'],['People of all age']
266,['Drama'],['en'],['People of all age']
267,"['Comedy', 'Drama']",['en'],['People of all age']
268,['Drama'],['en'],['People of all age']
269,[],['en'],['People of all age']
270,['Drama'],['en'],['People of all age']
271,['Drama'],['en'],['People of all age']
272,['Drama'],['en'],['People of all age']
273,"['Comedy', 'Drama']",['en'],['People of all age']
274,[],['en'],['People of all age']
275,['Drama'],"['en', 'fr']",['People of all age']
276,[],['en'],['People of all age']
277,"['Comedy', 'Drama', 'Romance', 'Thriller']","['en', 'fr']",['People of all age']
278,['Drama'],['en'],['People of all age']
279,['Drama'],['en'],['People of all age']
280,"['Action', 'Adventure', 'Drama', 'Thriller']",['en'],['People of all age']
281,['Drama'],['en'],['People of all age']
282,['Drama'],['en'],['People of all age']
283,['Drama'],['en'],['People of all age']
284,['Drama'],['en'],['People of all age']
285,['Drama'],['en'],['People of all age']
286,['Drama'],['en'],['People of all age']
287,['Drama'],['en'],['People of all age']
288,['Drama'],['en'],['People of all age']
289,['Drama'],['en'],['People of all age']
290,"['Comedy', 'Drama']",['en'],['People of all age']
291,['Drama'],['en'],['People of all age']
292,['Drama'],['en'],['People of all age']
293,['Drama'],['en'],['People of all age']
294,['Drama'],['en'],['People of all age']
295,['Drama'],['en'],['People of all age']
296,['Drama'],['en'],['People of all age']
297,['Drama'],['en'],['People of all age']
298,['Drama'],['en'],['People of all age']
299,['Drama'],['en'],['People of all age']
300,['Drama'],"['en', 'fr']",['People of all age']
301,[],['en'],['People of all age']
302,['Drama'],['en'],['People of all age']
303,['Drama'],['en'],['People of all age']
304,['Drama'],['en'],['People of all age']
305,['Drama'],['en'],['People of all age']
306,['Drama'],['en'],['People of all age']
307,"['Comedy', 'Drama']",['en'],['People of all age']
308,['Drama'],['en'],['People of all age']
309,"['Comedy', 'Drama']",['en'],['People of all age']
310,['Drama'],"['en', 'fr']",['People of all age']
311,[],['en'],['People of all age']
312,['Drama'],['en'],['People of all age']
313,['Drama'],['en'],['People of all age']
314,['Drama'],"['en', 'fr', 'hi', 'ru']",['People of all age']
315,['Drama'],['en'],['People of all age']
316,['Drama'],['en'],['People of all age']
317,['Drama'],"['de', 'en']",['People of all age']
318,['Drama'],['en'],['People of all age']
319,['Drama'],['en'],['People of all age']
320,['Drama'],['en'],['People of all age']
321,['Drama'],['en'],['People of all age']
322,['Drama'],['en'],['People of all age']
323,['Drama'],['en'],['People of all age']
324,['Drama'],['en'],['People of all age']
325,[],['en'],[]
326,['Drama'],['en'],['People of all age']
327,['Drama'],['en'],['People of all age']
328,['Drama'],['en'],['People of all age']
329,"['Drama', 'Thriller']","['en', 'fr']",['People of all age']
330,['Drama'],['en'],['People of all age']
331,['Drama'],"['en', 'fr']",['People of all age']
332,['Drama'],['en'],['People of all age']
333,['Drama'],['en'],['People of all age']
334,"['Comedy', 'Drama']",['en'],['People of all age']
335,[],['en'],['People of all age']
336,[],['en'],['People of all age']
337,[],['en'],['People of all age']
338,['Drama'],['en'],['People of all age']
339,['Drama'],['en'],['People of all age']
340,"['Action', 'Thriller']",['en'],['People of all age']
341,['Drama'],"['en', 'nl']",['People of all age']
342,['Drama'],['en'],['People of all age']
343,"['Drama', 'Thriller']","['en', 'fr']",['People of all age']
344,['Drama'],['en'],['People of all age']
345,['Drama'],['en'],['People of all age']
346,['Drama'],['en'],['People of all age']
347,"['Action', 'Drama']",['en'],['People of all age']
348,['Drama'],"['en', 'fr']",['People of all age']
349,"['Comedy', 'Drama']",['en'],['People of all age']
350,['Drama'],['en'],['People of all age']
351,"['Drama', 'Thriller']",['en'],['People of all age']
352,['Drama'],['en'],['People of all age']
353,[],['en'],['People of all age']
354,['Drama'],['en'],['People of all age']
355,['Drama'],['en'],['People of all age']
356,['Drama'],"['de', 'en']",['People of all age']
357,['Drama'],"['de', 'en']",['People of all age']
358,['Drama'],['en'],['People of all age']
359,['Drama'],['en'],['People of all age']
360,[],['en'],['People of all age']
361,['Drama'],['en'],['People of all age']
362,['Drama'],['en'],['People of all age']
363,['Drama'],['en'],['People of all age']
364,['Drama'],['en'],['People of all age']
365,"['Comedy', 'Drama']",['en'],['People of all age']
366,[],['en'],['People of all age']
367,[],['en'],['People of all age']
368,['Drama'],['en'],['People of all age']
369,['Drama'],['en'],['People of all age']
370,['Drama'],['en'],['People of all age']
371,['Drama'],['en'],['People of all age']
372,"['Drama', 'Thriller']",['en'],['People of all age']
373,['Drama'],['en'],['People of all age']
374,['Comedy'],['en'],['People of all age']
375,['Drama'],"['de', 'en']",['People of all age']
376,['Drama'],['en'],['People of all age']
377,['Drama'],['en'],['People of all age']
378,['Drama'],['en'],['People of all age']
379,['Drama'],"['en', 'fr']",['People of all age']
380,['Drama'],['en'],['People of all age']
381,['Drama'],['en'],['People of all age']
382,['Drama'],['en'],['People of all age']
383,['Drama'],['en'],['People of all age']
384,['Drama'],['en'],['People of all age']
385,['Drama'],['en'],['People of all age']
386,['Drama'],['en'],['People of all age']
387,['Drama'],['en'],['People of all age']
388,['Drama'],['en'],['People of all age']
389,['Drama'],['en'],['People of all age']
390,['Drama'],['en'],['People of all age']
391,['Drama'],['en'],['People of all age']
392,['Drama'],"['en', 'fr']",['People of all age']
393,['Drama'],['en'],['People of all age']
394,[],['en'],['People of all age']
395,['Drama'],['en'],['People of all age']
396,['Drama'],['en'],['People of all age']
397,[],['en'],['People of all age']
398,['Drama'],['en'],['People of all age']
399,['Drama'],['en'],['People of all age']
400,['Drama'],['en'],['People of all age']
401,['Drama'],"['en', 'fr']",['People of all age']
402,['Drama'],['en'],['People of all age']
403,['Drama'],"['en', 'ko']",['People of all age']
404,['Drama'],"['en', 'ru']",['People of all age']
405,['Drama'],['en'],['People of all age']
406,['Drama'],['en'],['People of all age']
407,['Drama'],"['en', 'fr']",['People of all age']
408,['Drama'],['en'],['People of all age']
409,['Drama'],['en'],['People of all age']
410,"['Drama', 'Thriller']","['en', 'fr']",['People of all age']
411,['Drama'],['en'],['People of all age']
412,[],['en'],['People of all age']
413,"['Drama', 'Thriller']",['en'],['People of all age']
414,[],['en'],['People of all age']
415,"['Comedy', 'Drama']","['de', 'en', 'fr']",['People of all age']
416,['Drama'],['en'],['People of all age']
417,['Drama'],['en'],['People of all age']
418,['Drama'],['en'],['People of all age']
419,['Drama'],['en'],['People of all age']
420,['Drama'],['en'],['People of all age']
421,['Drama'],['en'],['People of all age']
422,['Drama'],['en'],['People of all age']
423,['Drama'],['en'],['People of all age']
424,['Drama'],['en'],['People of all age']
425,['Drama'],['en'],['People of all age']
426,['Drama'],['en'],['People of all age']
427,"['Comedy', 'Drama']",['en'],['People of all age']
428,['Drama'],['en'],['People of all age']
429,[],"['en', 'fr']",['People of all age']
430,['Drama'],['en'],['People of all age']
431,['Drama'],['en'],['People of all age']
432,['Drama'],['en'],['People of all age']
433,['Drama'],['en'],['People of all age']
434,['Drama'],['en'],['People of all age']
435,"['Drama', 'Mystery']",['en'],['People of all age']
436,['Drama'],['en'],['People of all age']
437,"['Action', 'Drama']",['en'],['People of all age']
438,"['Action', 'Thriller']","['en', 'ja']",['People of all age']
439,['Drama'],['en'],['People of all age']
440,['Drama'],['en'],['People of all age']
441,['Drama'],['en'],['People of all age']
442,['Drama'],['en'],['People of all age']
443,['Drama'],"['en', 'fr', 'ru']",['People of all age']
444,['Adventure'],"['en', 'fr', 'ja']",['People of all age']
445,"['Drama', 'Thriller']","['de', 'en']",['People of all age']
446,"['Drama', 'Thriller']","['de', 'en', 'fr']",['People of all age']
447,['Drama'],['en'],['People of all age']
448,"['Action', 'Drama', 'Mystery', 'Thriller']","['en', 'hi', 'ru']",['People of all age']
449,['Drama'],"['de', 'en']",['People of all age']
450,"['Comedy', 'Drama']","['en', 'fr']",['People of all age']
451,['Drama'],['en'],['People of all age']
452,['Drama'],['en'],['People of all age']
453,['Drama'],"['en', 'fr']",['People of all age']
454,"['Comedy', 'Drama', 'Thriller']",['en'],['People of all age']
455,['Drama'],['en'],['People of all age']
456,['Drama'],"['de', 'en', 'fr']",['People of all age']
457,[],['en'],['People of all age']
458,['Drama'],['en'],['People of all age']
459,['Drama'],"['de', 'en', 'fr']",['People of all age']
460,['Drama'],['en'],['People of all age']
461,[],['en'],['People of all age']
462,['Drama'],['en'],['People of all age']
463,['Drama'],['en'],['People of all age']
464,['Drama'],"['de', 'en']",['People of all age']
465,"['Comedy', 'Drama']","['de', 'en', 'fr']",['People of all age']
466,['Drama'],['en'],['People of all age']
467,['Drama'],['en'],['People of all age']
468,[],['en'],['People of all age']
469,['Drama'],"['en', 'fr']",['People of all age']
470,['Drama'],['en'],['People of all age']
471,['Drama'],['en'],['People of all age']
472,['Drama'],['en'],['People of all age']
473,['Drama'],"['en', 'fr']",['People of all age']
474,"['Comedy', 'Drama']","['de', 'en']",['People of all age']
475,[],['en'],['People of all age']
476,['Drama'],"['en', 'fr']",['People of all age']
477,['Drama'],"['de', 'en']",['People of all age']
478,"['Drama', 'Thriller']",['en'],['People of all age']
479,['Drama'],['en'],['People of all age']
480,['Drama'],['en'],['People of all age']
481,['Drama'],['en'],['People of all age']
482,['Drama'],['en'],['People of all age']
483,['Drama'],['en'],['People of all age']
484,['Drama'],"['en', 'fr']",['People of all age']
485,[],"['de', 'en', 'he']",['People of all age']
486,['Drama'],['en'],['People of all age']
487,['Drama'],['en'],['People of all age']
488,"['Comedy', 'Drama']","['en', 'fr']",['People of all age']
489,['Drama'],['en'],['People of all age']
490,['Drama'],['en'],['People of all age']
491,['Drama'],['en'],['People of all age']
492,['Drama'],['en'],['People of all age']
493,['Drama'],['en'],['People of all age']
494,['Drama'],['en'],['People of all age']
495,['Drama'],['en'],['People of all age']
496,['Drama'],['en'],['People of all age']
497,['Drama'],['en'],['People of all age']
498,['Drama'],['en'],['People of all age']
499,"['Crime', 'Drama']",['en'],['People of all age']
500,['Drama'],['en'],['People of all age']
501,['Drama'],['en'],['People of all age']
502,"['Drama', 'Thriller']",['en'],['People of all age']
503,['Drama'],"['en', 'fr']",['People of all age']
504,[],['en'],['People of all age']
505,['Drama'],['en'],['People of all age']
506,['Drama'],"['de', 'en']",['People of all age']
507,['Drama'],['en'],['People of all age']
508,['Drama'],['en'],['People of all age']
509,['Drama'],['en'],['People of all age']
510,['Drama'],['en'],['People of all age']
511,"['Action', 'Drama']",['en'],['People of all age']
512,"['Comedy', 'Drama']","['de', 'en', 'hi']",['People of all age']
513,['Drama'],['en'],['People of all age']
514,['Drama'],['en'],['People of all age']
515,['Drama'],"['de', 'en', 'fr']",['People of all age']
516,['Drama'],['en'],['People of all age']
517,['Drama'],['en'],['People of all age']
518,['Drama'],['en'],['People of all age']
519,['Drama'],['en'],['People of all age']
520,['Drama'],['en'],['People of all age']
521,"['Comedy', 'Drama']",['en'],['People of all age']
522,['Drama'],['en'],['People of all age']
523,['Drama'],['en'],['People of all age']
524,['Drama'],['en'],['People of all age']
525,['Drama'],['en'],['People of all age']
526,['Drama'],['en'],['People of all age']
527,['Drama'],['en'],['People of all age']
528,['Drama'],['en'],['People of all age']
529,['Drama'],['en'],['People of all age']
530,['Drama'],['en'],['People of all age']
531,['Drama'],['en'],['People of all age']
532,"['Comedy', 'Drama']","['de', 'en']",['People of all age']
533,['Drama'],['en'],['People of all age']
534,['Drama'],['en'],['People of all age']
535,['Drama'],['en'],['People of all age']
536,['Drama'],"['de', 'en']",['People of all age']
537,['Drama'],['en'],['People of all age']
538,['Drama'],['en'],['People of all age']
539,['Drama'],['en'],['People of all age']
540,['Drama'],"['en', 'fr']",['People of all age']
541,['Drama'],"['de', 'en', 'fr']",['People of all age']
542,['Drama'],"['en', 'fr', 'ja']",['People of all age']
543,['Drama'],['en'],['People of all age']
544,['Drama'],['en'],['People of all age']
545,['Drama'],['en'],['People of all age']
546,['Drama'],['en'],['People of all age']
547,['Drama'],['en'],['People of all age']
548,['Drama'],['en'],['People of all age']
549,['Drama'],['en'],['People of all age']
550,['Drama'],['en'],['People of all age']
551,['Drama'],"['de', 'en']",['People of all age']
552,[],['en'],['People of all age']
553,['Drama'],['en'],['People of all age']
554,['Drama'],['en'],['People of all age']
555,['Drama'],['en'],['People of all age']
556,"['Comedy', 'Drama']","['de', 'en']",['People of all age']
557,[],['en'],['People of all age']
558,['Drama'],['en'],['People of all age']
559,['Drama'],['en'],['People of all age']
560,['Drama'],"['en', 'fr']",['People of all age']
561,['Drama'],['en'],['People of all age']
562,['Drama'],['en'],['People of all age']
563,['Drama'],['en'],['People of all age']
564,['Drama'],['en'],['People of all age']
565,['Drama'],['en'],['People of all age']
566,['Drama'],"['en', 'fr', 'ja']",['People of all age']
567,"['Comedy', 'Drama', 'Thriller']",['en'],['People of all age']
568,"['Comedy', 'Drama']","['de', 'en']",['People of all age']
569,['Drama'],['en'],['People of all age']
570,['Drama'],['en'],['People of all age']
571,"['Drama', 'Thriller']",['en'],['People of all age']
572,['Drama'],['en'],['People of all age']
573,['Drama'],['en'],['People of all age']
574,['Drama'],['en'],['People of all age']
575,['Drama'],['en'],['People of all age']
576,['Drama'],['en'],['People of all age']
577,['Drama'],['en'],['People of all age']
578,['Drama'],['en'],['People of all age']
579,[],[],[]
580,['Drama'],['en'],['People of all age']
581,[],['en'],[]
582,['Drama'],['en'],['People of all age']
583,"['Drama', 'Thriller']","['en', 'fr']",['People of all age']
584,['Drama'],['en'],['People of all age']
585,['Drama'],['en'],['People of all age']
586,['Drama'],['en'],['People of all age']
587,['Drama'],['en'],['People of all age']
588,['Drama'],"['de', 'en']",['People of all age']
589,['Drama'],['en'],['People of all age']
590,['Drama'],['en'],['People of all age']
591,['Drama'],['en'],['People of all age']
592,['Drama'],['en'],['People of all age']
593,['Drama'],['en'],['People of all age']
594,['Drama'],['en'],['People of all age']
595,['Drama'],['en'],['People of all age']
596,['Drama'],['en'],['People of all age']
597,['Drama'],['en'],['People of all age']
598,['Drama'],['en'],['People of all age']
599,['Drama'],['en'],['People of all age']
600,['Drama'],"['en', 'fr']",['People of all age']
601,[],"['en', 'fr']",['People of all age']
602,['Drama'],['en'],['People of all age']
603,['Drama'],['en'],['People of all age']
604,[],['en'],['People of all age']
605,['Drama'],['en'],['People of all age']
606,['Drama'],"['en', 'fr']",['People of all age']
607,['Drama'],['en'],['People of all age']
608,['Drama'],['en'],['People of all age']
609,[],['en'],[]
610,['Drama'],['en'],['People of all age']
611,['Drama'],['en'],['People of all age']
612,['Drama'],['en'],['People of all age']
613,"['Drama', 'Thriller']",['en'],['People of all age']
614,['Drama'],['en'],['People of all age']
615,['Drama'],['en'],['People of all age']
616,['Drama'],['en'],['People of all age']
617,['Drama'],['en'],['People of all age']
618,"['Crime', 'Drama', 'Thriller']",['en'],['People of all age']
619,['Drama'],['en'],['People of all age']
620,[],['en'],['People of all age']
621,['Drama'],['en'],['People of all age']
622,"['Action', 'Comedy', 'Drama', 'Thriller']","['en', 'fr']",['People of all age']
623,['Drama'],"['en', 'fr']",['People of all age']
624,['Drama'],['en'],['People of all age']
625,['Drama'],"['en', 'fr']",['People of all age']
626,['Drama'],['en'],['People of all age']
627,['Drama'],['en'],['People of all age']
628,[],['en'],['People of all age']
629,['Drama'],['en'],['People of all age']
630,"['Crime', 'Drama', 'Thriller']","['en', 'fr']",['People of all age']
631,['Drama'],['en'],['People of all age']
632,"['Comedy', 'Drama']","['en', 'fr']",['People of all age']
633,['Drama'],['en'],['People of all age']
634,['Drama'],['en'],['People of all age']
635,[],['en'],['People of all age']
636,['Drama'],['en'],['People of all age']
637,['Drama'],['en'],['People of all age']
638,['Drama'],['en'],['People of all age']
639,['Drama'],['en'],['People of all age']
640,['Drama'],['en'],['People of all age']
641,['Drama'],['en'],['People of all age']
642,['Drama'],['en'],['People of all age']
643,['Drama'],"['en', 'fr']",['People of all age']
644,"['Action', 'Drama']","['en', 'fr']",['People of all age']
645,['Drama'],"['de', 'en']",['People of all age']
646,['Drama'],['en'],['People of all age']
647,['Drama'],['en'],['People of all age']
648,['Drama'],['en'],['People of all age']
649,['Drama'],['en'],['People of all age']
650,[],['en'],['People of all age']
651,"['Drama', 'Thriller']",['en'],['People of all age']
652,['Drama'],['en'],['People of all age']
653,['Drama'],['en'],['People of all age']
654,['Drama'],['en'],['People of all age']
655,['Drama'],['en'],['People of all age']
656,['Drama'],"['de', 'en']",['People of all age']
657,['Drama'],['en'],['People of all age']
658,['Drama'],['en'],['People of all age']
659,['Drama'],['en'],['People of all age']
660,['Drama'],['en'],['People of all age']
661,"['Drama', 'Thriller']","['en', 'fr']",['People of all age']
662,['Drama'],['en'],['People of all age']
663,['Drama'],"['en', 'hi', 'ru']",['People of all age']
664,['Drama'],['en'],['People of all age']
665,['Drama'],['en'],['People of all age']
666,['Drama'],['en'],['People of all age']
667,['Drama'],['en'],['People of all age']
668,"['Action', 'Drama', 'Science Fiction', 'Thriller']","['en', 'ru']",['People of all age']
669,['Drama'],['en'],['People of all age']
670,['Drama'],['en'],['People of all age']
671,['Drama'],['en'],['People of all age']
